
  INSERT INTO public.users ("id", "name", "surname", "email", "password") VALUES
    ('1ae0310f-ba97-437c-8c11-f7b415807124', 'User', 'Cero', 'user@gmail.com', '$2b$10$ov3LfBl1HMISvGUbVCc6VuKAXXfMzuVsNYC2/QIetpEvEyyv6DZUm'),
    ('e720ffbe-5a39-46fe-81bc-d0e67c7424b6', 'User', 'One', 'user1@gmail.com', '$2b$10$ov3LfBl1HMISvGUbVCc6VuKAXXfMzuVsNYC2/QIetpEvEyyv6DZUm');


  INSERT INTO public.categories ("id", "title")
    VALUES ('6571c783-84d7-48c8-8313-fde13c61dfd7','Tech'),('18a2880f-bdf6-4483-ae7f-5729837ff283','Networking'),('a5cb0263-f5a1-4e0d-aa56-673eca881d7f','Data'),('fd026aa3-333d-4320-b49c-9ccd75edaacb','Marketing'),('77785605-c52f-4f4e-ad73-25dc505acf23','Self'),('a256a35b-edad-41f5-ae6e-ebe328ac165b','Fit');


  INSERT INTO public.schools ("id", "title")
    VALUES ('ba905a99-029e-45a8-a29b-1e543fa24d96','Medhurst, Hauck and Cummings'),('8dbd7ab3-9db3-4f6c-9fb9-0a40057401cc','Howe LLC'),('1ed5d1e3-7680-4b84-9851-d7859e38c362','Dickinson - Bechtelar'),('f4ce95dc-70ea-446f-be40-c2dbd1f77d65','Swift Inc'),('26378a35-1128-47fb-8d62-0a8a777c820d','Runolfsson, Koepp and Labadie'),('3e0adab2-faeb-4150-a302-dc79b7d9d932','Fritsch - Maggio'),('7ba002d1-a6bd-447e-ab4d-c72722e20732','Cartwright, Haag and Satterfield'),('ed3378f1-5beb-47b5-8cb2-bdfcdff6ae34','Champlin LLC'),('67727737-bb10-4af5-8d47-667f4ad0310e','Gerhold, Rice and Smith'),('faa0ac28-09e8-46ac-8a8a-b49cad4bc689','Kassulke, Hane and Tromp');


  INSERT INTO public.school_lessons ("id", "title", "description", "school")
    VALUES ('d0e4741b-0a3c-426b-901b-5a6410c85a9d','Wilkinson, VonRueden and Monahan','Molestiae quae sunt eaque perspiciatis consequatur. Architecto voluptate sapiente dignissimos illo dicta pariatur ut itaque. Quis quo consequatur necessitatibus et vitae.','ba905a99-029e-45a8-a29b-1e543fa24d96'),('c0c62c5b-60b9-4eea-af6d-0cb87832dac7','McDermott Group','Voluptatem delectus consequuntur dolor sint libero praesentium. Dicta omnis tempore facere eveniet veritatis non. Qui magni sit amet. Ex eos qui quos molestiae. Fugiat veritatis nihil saepe et accusamus cupiditate optio ut. Dolores accusamus mollitia et quo voluptates et.','ed3378f1-5beb-47b5-8cb2-bdfcdff6ae34'),('15a8eb0e-96b1-4bcc-aab0-1e74fa750857','Bradtke, Botsford and Blick','Itaque aperiam illum. Nihil nobis modi fugit sed. Et et molestiae voluptatibus animi quo. Voluptatem illo in et delectus aut molestiae mollitia. Doloremque ex nemo libero omnis reiciendis iste aut quasi.','8dbd7ab3-9db3-4f6c-9fb9-0a40057401cc'),('f53cebca-1439-4c97-b03e-ae68e47d9b5d','Ziemann, Davis and Gutkowski','Nam vel ullam. Sed magni cum explicabo. Mollitia labore minus velit enim. Laudantium voluptatem et dolor. Nihil eveniet minima debitis sapiente totam amet temporibus.','26378a35-1128-47fb-8d62-0a8a777c820d'),('1cb40ce3-308c-4887-82e5-bfc9948adb97','Kuhlman Group','Qui sit culpa quia assumenda dolores. Est quia omnis laudantium. Facere eveniet aliquid asperiores quo dolore a omnis quisquam. Nihil hic expedita tempora dolore. Vel totam vel tempora odio minima temporibus consectetur unde. Totam sapiente ipsum sint aut et et consequatur est.','7ba002d1-a6bd-447e-ab4d-c72722e20732'),('495943c5-9fc3-4ab5-a369-f15da0ff9324','Roob - Ratke','Rerum et suscipit cupiditate. Aliquid mollitia ipsam optio qui minima aut cumque eos porro. Debitis quia assumenda alias quia laudantium omnis quia earum maiores. Illum voluptas enim quibusdam expedita quo. Et error rerum.','67727737-bb10-4af5-8d47-667f4ad0310e'),('e9ab9c83-1fed-4f95-8e86-f732e66fd0a8','Auer, Hansen and Lesch','Ut laborum iure et animi occaecati. Quibusdam repellendus adipisci consequatur possimus fugiat eos maiores quia dignissimos. Et et qui perspiciatis nihil. Fugiat sit praesentium velit.','3e0adab2-faeb-4150-a302-dc79b7d9d932'),('d4b2a9b3-f509-408a-bccb-64b49325b4e1','Hammes, Kirlin and Tremblay','Maxime nihil inventore sunt ad dignissimos maiores laudantium at quas. Perspiciatis unde et asperiores enim. Qui enim corrupti exercitationem laboriosam optio soluta sed exercitationem. Repellendus autem ut labore eum. Totam quas non nostrum distinctio vel adipisci consectetur.','1ed5d1e3-7680-4b84-9851-d7859e38c362'),('55e0a4b0-6d72-40e5-81f7-baaa728ea8c6','Marks - OConner','Ut aut nemo quis tempora dolores. Voluptatem aperiam error harum omnis qui. Qui vitae debitis consequuntur.','7ba002d1-a6bd-447e-ab4d-c72722e20732'),('da4f8781-95aa-4c6f-bbba-fe5a92af1b0c','Jakubowski - VonRueden','Possimus dolor consequuntur sequi et et vel natus. Voluptatem quia et recusandae voluptates quia. Delectus sed necessitatibus aspernatur voluptatibus ut laboriosam reiciendis quia.','1ed5d1e3-7680-4b84-9851-d7859e38c362'),('8fa0022c-eb88-4106-ad70-77889ecaff6e','Wuckert, Bogisich and Douglas','Distinctio qui est iusto veniam quibusdam. Veniam reiciendis sunt. Tenetur magnam et occaecati minima. Sit aut eligendi quis tempora. Aut qui sapiente assumenda.','f4ce95dc-70ea-446f-be40-c2dbd1f77d65'),('0aad1544-1434-4d35-8c1d-cd2912c0d2b7','Dibbert LLC','Exercitationem voluptatem deleniti maxime nam nihil laudantium et quisquam. Est reiciendis qui aliquam optio ea. Voluptates quo commodi odio facere omnis omnis.','ed3378f1-5beb-47b5-8cb2-bdfcdff6ae34'),('a5de494f-d07a-4e9d-a0e2-8244059bf2eb','Feil, Bechtelar and Buckridge','Eos voluptatem quos laboriosam. Et quis fugiat dolor. Perferendis sunt voluptas sed necessitatibus nesciunt. Sint odit quos est totam.','ed3378f1-5beb-47b5-8cb2-bdfcdff6ae34'),('edee744c-360b-4226-b9e8-4a8ae9f765c0','Swaniawski - Rutherford','Ullam quo vitae recusandae. Delectus quis voluptatum architecto. Consequuntur non aut facilis. Possimus esse quisquam perferendis voluptates ut est. Voluptatem quia est tempore officia est est et.','ba905a99-029e-45a8-a29b-1e543fa24d96'),('0e0bc16d-6902-42a2-84f1-6f001aa57523','Batz, Waelchi and Gislason','Vitae non quia placeat esse voluptas quia temporibus. Deleniti omnis et sed consequatur. Ullam corporis non dolorem quod distinctio. Sint possimus id modi.','26378a35-1128-47fb-8d62-0a8a777c820d'),('ec950888-65d4-4aeb-8503-39733dbe04d7','Jast and Sons','Delectus voluptatem quo at similique itaque consequuntur. Voluptatem et aliquam neque et aut ut minus aut et. Reiciendis voluptatibus quae et dignissimos aliquam praesentium aut enim mollitia.','f4ce95dc-70ea-446f-be40-c2dbd1f77d65'),('d746c3c8-a1d8-4be0-8bb9-e7ed11cc0294','Sanford LLC','Magni et libero accusamus qui. Eos sed incidunt. Et facilis esse. Minus illo rerum alias et distinctio velit. Alias dolor odio et sunt ea.','3e0adab2-faeb-4150-a302-dc79b7d9d932'),('627430d0-665b-47a4-84a4-863bd513777f','Torp Inc','Ut ipsam est. Nam est in deserunt quisquam cupiditate quo. Necessitatibus non atque nihil facere accusantium. Eaque saepe quia asperiores magnam iusto doloribus aut unde aliquid. Nulla incidunt nisi dicta. Est iusto error temporibus dicta.','3e0adab2-faeb-4150-a302-dc79b7d9d932'),('06aa7ebe-6257-4053-b218-e5086fda4ed1','Kovacek - Lehner','Qui et rem voluptas accusamus. Enim dolorem quis ut inventore labore neque. Facere vero eveniet deserunt sunt in at vel.','7ba002d1-a6bd-447e-ab4d-c72722e20732'),('edae50af-f92c-407c-a1b0-65035b931741','Metz - Boyer','Sapiente et voluptas. Sed veniam quas mollitia aperiam. Voluptate quo non ut et optio. Qui porro labore quo atque beatae voluptatibus fugiat. Est et inventore eos temporibus.','f4ce95dc-70ea-446f-be40-c2dbd1f77d65');


  INSERT INTO public.user_school_lessons ("id", "lesson", "user")
    VALUES ('403e16dc-4e5a-428b-861c-8f56fb6d8ad3','0aad1544-1434-4d35-8c1d-cd2912c0d2b7','e720ffbe-5a39-46fe-81bc-d0e67c7424b6'),('8e6a6207-131f-4da3-bad5-696ec5f27ec0','edee744c-360b-4226-b9e8-4a8ae9f765c0','1ae0310f-ba97-437c-8c11-f7b415807124'),('3d21cc41-d230-4502-81dc-28f01d6b1367','495943c5-9fc3-4ab5-a369-f15da0ff9324','e720ffbe-5a39-46fe-81bc-d0e67c7424b6'),('275281bd-7f79-48d3-8957-e1f6f0dc9a1a','0aad1544-1434-4d35-8c1d-cd2912c0d2b7','1ae0310f-ba97-437c-8c11-f7b415807124'),('218b0e39-4eba-4ab2-b479-bea2bb94c147','d4b2a9b3-f509-408a-bccb-64b49325b4e1','e720ffbe-5a39-46fe-81bc-d0e67c7424b6'),('96be29a4-389a-45df-a79e-2111d48599ce','edee744c-360b-4226-b9e8-4a8ae9f765c0','1ae0310f-ba97-437c-8c11-f7b415807124'),('2656117c-006d-485b-9150-14e67084ac75','edee744c-360b-4226-b9e8-4a8ae9f765c0','e720ffbe-5a39-46fe-81bc-d0e67c7424b6'),('788dabeb-79c9-49fe-b9b6-d08e9e48529b','edae50af-f92c-407c-a1b0-65035b931741','1ae0310f-ba97-437c-8c11-f7b415807124'),('7ce1a241-6958-4061-95e8-2a5dc91a0290','d0e4741b-0a3c-426b-901b-5a6410c85a9d','e720ffbe-5a39-46fe-81bc-d0e67c7424b6'),('446d67d1-3ec9-4b11-8fac-7be60931abad','0aad1544-1434-4d35-8c1d-cd2912c0d2b7','1ae0310f-ba97-437c-8c11-f7b415807124'),('f3b72f20-7d33-4231-b0e0-f1eb0c6ba78b','e9ab9c83-1fed-4f95-8e86-f732e66fd0a8','e720ffbe-5a39-46fe-81bc-d0e67c7424b6'),('954e2b4a-a47b-48e3-8047-de62f67aa658','e9ab9c83-1fed-4f95-8e86-f732e66fd0a8','1ae0310f-ba97-437c-8c11-f7b415807124'),('294440c7-36b8-42ca-b74d-751bff95e689','a5de494f-d07a-4e9d-a0e2-8244059bf2eb','e720ffbe-5a39-46fe-81bc-d0e67c7424b6'),('6c76479b-6e8d-4637-99d5-4d2ccf57b63d','8fa0022c-eb88-4106-ad70-77889ecaff6e','1ae0310f-ba97-437c-8c11-f7b415807124'),('1588c045-ee5f-4cc3-8664-6be3e7186fa9','ec950888-65d4-4aeb-8503-39733dbe04d7','e720ffbe-5a39-46fe-81bc-d0e67c7424b6'),('10ee1289-cac3-44c9-b71d-a41e49e6f21a','0e0bc16d-6902-42a2-84f1-6f001aa57523','1ae0310f-ba97-437c-8c11-f7b415807124'),('fd463853-65e7-47b8-b135-47f44790ad3e','06aa7ebe-6257-4053-b218-e5086fda4ed1','e720ffbe-5a39-46fe-81bc-d0e67c7424b6'),('692eadb6-985a-431e-9a8e-5e9b8d8efd26','0e0bc16d-6902-42a2-84f1-6f001aa57523','1ae0310f-ba97-437c-8c11-f7b415807124'),('10769d1b-d53d-4888-9b23-3aeb756419c5','1cb40ce3-308c-4887-82e5-bfc9948adb97','e720ffbe-5a39-46fe-81bc-d0e67c7424b6'),('4f946a27-2949-4d18-91e5-9e5f197c68f3','d0e4741b-0a3c-426b-901b-5a6410c85a9d','1ae0310f-ba97-437c-8c11-f7b415807124');


  INSERT INTO public.lesson_categories ("id", "category", "lesson")
    VALUES ('12f027bd-1b97-4937-a913-3fa27e46e35d','a256a35b-edad-41f5-ae6e-ebe328ac165b','0e0bc16d-6902-42a2-84f1-6f001aa57523'),('032a4ddb-25a6-430d-a268-19a66b120308','a256a35b-edad-41f5-ae6e-ebe328ac165b','da4f8781-95aa-4c6f-bbba-fe5a92af1b0c'),('9c74db40-413a-4246-aed8-051657c02cd3','fd026aa3-333d-4320-b49c-9ccd75edaacb','c0c62c5b-60b9-4eea-af6d-0cb87832dac7'),('7c5ec226-d8af-4aa3-8a27-51a340adb8ac','18a2880f-bdf6-4483-ae7f-5729837ff283','a5de494f-d07a-4e9d-a0e2-8244059bf2eb'),('c9b06e7c-4725-4a4e-9d5c-87491108f300','fd026aa3-333d-4320-b49c-9ccd75edaacb','d4b2a9b3-f509-408a-bccb-64b49325b4e1'),('6e610e87-1726-4944-bbbc-a4484c6426d4','fd026aa3-333d-4320-b49c-9ccd75edaacb','c0c62c5b-60b9-4eea-af6d-0cb87832dac7'),('87726b5d-981b-484e-8433-6c99257b99cf','a5cb0263-f5a1-4e0d-aa56-673eca881d7f','ec950888-65d4-4aeb-8503-39733dbe04d7'),('8917ae32-416f-4cbb-8d81-2d2971947416','6571c783-84d7-48c8-8313-fde13c61dfd7','da4f8781-95aa-4c6f-bbba-fe5a92af1b0c'),('29c9efc7-3ed2-4448-adce-6b5be2fcaf2a','18a2880f-bdf6-4483-ae7f-5729837ff283','06aa7ebe-6257-4053-b218-e5086fda4ed1'),('2cab8a0b-9132-4969-bff9-7a944206b313','a256a35b-edad-41f5-ae6e-ebe328ac165b','55e0a4b0-6d72-40e5-81f7-baaa728ea8c6'),('26a265a4-3199-43a4-be56-8c871b110d17','a5cb0263-f5a1-4e0d-aa56-673eca881d7f','0aad1544-1434-4d35-8c1d-cd2912c0d2b7'),('72e5afb3-7d9b-47d3-ae6b-a3a1f84c5465','18a2880f-bdf6-4483-ae7f-5729837ff283','1cb40ce3-308c-4887-82e5-bfc9948adb97'),('fc780b2d-bcb7-4148-b1d9-ed250a35793b','77785605-c52f-4f4e-ad73-25dc505acf23','d4b2a9b3-f509-408a-bccb-64b49325b4e1'),('6f6e547c-df4e-497f-bc55-e9521ffc22f1','a5cb0263-f5a1-4e0d-aa56-673eca881d7f','c0c62c5b-60b9-4eea-af6d-0cb87832dac7'),('70d661ea-a23a-4444-9250-dacc42deac8b','fd026aa3-333d-4320-b49c-9ccd75edaacb','d746c3c8-a1d8-4be0-8bb9-e7ed11cc0294'),('e84e25a2-4261-4991-9b27-63db4cd33552','77785605-c52f-4f4e-ad73-25dc505acf23','d0e4741b-0a3c-426b-901b-5a6410c85a9d'),('56ee4123-437f-4763-b28e-4aa64dc9b74d','a5cb0263-f5a1-4e0d-aa56-673eca881d7f','627430d0-665b-47a4-84a4-863bd513777f'),('df581ed3-9df7-4609-b72f-2ae75371eeaa','6571c783-84d7-48c8-8313-fde13c61dfd7','0e0bc16d-6902-42a2-84f1-6f001aa57523'),('04f1e759-4405-4059-a880-13a677907981','a5cb0263-f5a1-4e0d-aa56-673eca881d7f','0aad1544-1434-4d35-8c1d-cd2912c0d2b7'),('6a0353da-a411-4c3e-80cf-21839ac6f490','18a2880f-bdf6-4483-ae7f-5729837ff283','f53cebca-1439-4c97-b03e-ae68e47d9b5d'),('6ca17702-aa9c-42d3-96d3-d3ae4d4a5bac','6571c783-84d7-48c8-8313-fde13c61dfd7','edae50af-f92c-407c-a1b0-65035b931741'),('76f486f5-5779-4a40-9e54-11894e4f6331','fd026aa3-333d-4320-b49c-9ccd75edaacb','55e0a4b0-6d72-40e5-81f7-baaa728ea8c6'),('64a6f4ae-025a-429a-99ac-8d16837ac8dd','a256a35b-edad-41f5-ae6e-ebe328ac165b','8fa0022c-eb88-4106-ad70-77889ecaff6e'),('a0fde4b9-6067-494d-97f0-6c18073691c5','18a2880f-bdf6-4483-ae7f-5729837ff283','da4f8781-95aa-4c6f-bbba-fe5a92af1b0c'),('9469d7ea-574d-468b-b670-79902506ce48','18a2880f-bdf6-4483-ae7f-5729837ff283','15a8eb0e-96b1-4bcc-aab0-1e74fa750857'),('36a2e333-5cd3-4240-baaa-577449a01158','fd026aa3-333d-4320-b49c-9ccd75edaacb','c0c62c5b-60b9-4eea-af6d-0cb87832dac7'),('d61be133-879b-4471-9964-363fb302dc9f','77785605-c52f-4f4e-ad73-25dc505acf23','8fa0022c-eb88-4106-ad70-77889ecaff6e'),('8e8ad9b3-06bd-455a-bf41-c3c5cf1089fc','18a2880f-bdf6-4483-ae7f-5729837ff283','55e0a4b0-6d72-40e5-81f7-baaa728ea8c6'),('9a6c1433-d69a-4654-8b6e-f1dd16a0eaf3','6571c783-84d7-48c8-8313-fde13c61dfd7','edae50af-f92c-407c-a1b0-65035b931741'),('a83cb7e4-84f3-4f7b-9411-4aeae6b5afd8','fd026aa3-333d-4320-b49c-9ccd75edaacb','15a8eb0e-96b1-4bcc-aab0-1e74fa750857'),('f9994e00-e2e4-49fb-b2cf-3566897aa43e','fd026aa3-333d-4320-b49c-9ccd75edaacb','d0e4741b-0a3c-426b-901b-5a6410c85a9d'),('57442783-5862-4aba-bd59-5d8871827b26','a256a35b-edad-41f5-ae6e-ebe328ac165b','55e0a4b0-6d72-40e5-81f7-baaa728ea8c6'),('a661c067-e334-4747-8e3a-ee1fc82da967','a256a35b-edad-41f5-ae6e-ebe328ac165b','15a8eb0e-96b1-4bcc-aab0-1e74fa750857'),('30520811-1dd2-425f-8a81-c791fd3d6c76','6571c783-84d7-48c8-8313-fde13c61dfd7','edee744c-360b-4226-b9e8-4a8ae9f765c0'),('5ddd7871-7590-4098-a2a6-97c9d4b37c78','a5cb0263-f5a1-4e0d-aa56-673eca881d7f','a5de494f-d07a-4e9d-a0e2-8244059bf2eb'),('aa7255ee-16e8-4600-8022-77231f913fe5','77785605-c52f-4f4e-ad73-25dc505acf23','495943c5-9fc3-4ab5-a369-f15da0ff9324'),('32ee53b8-88c7-4496-b455-04e3de75865b','6571c783-84d7-48c8-8313-fde13c61dfd7','55e0a4b0-6d72-40e5-81f7-baaa728ea8c6'),('37229c2b-3c1b-40bc-a772-94e16ce1e3f0','fd026aa3-333d-4320-b49c-9ccd75edaacb','0e0bc16d-6902-42a2-84f1-6f001aa57523'),('21785abc-19fa-4004-8b6e-d0a0c9cef47b','77785605-c52f-4f4e-ad73-25dc505acf23','da4f8781-95aa-4c6f-bbba-fe5a92af1b0c'),('0f8384ef-2173-4667-8c8f-fa2c2b92b65a','77785605-c52f-4f4e-ad73-25dc505acf23','edee744c-360b-4226-b9e8-4a8ae9f765c0'),('10c6dd44-525d-43f3-b492-004a4c681507','fd026aa3-333d-4320-b49c-9ccd75edaacb','15a8eb0e-96b1-4bcc-aab0-1e74fa750857'),('b8220dd1-57e4-4bbb-9be9-2c5e078404a2','a5cb0263-f5a1-4e0d-aa56-673eca881d7f','0e0bc16d-6902-42a2-84f1-6f001aa57523'),('a48bee78-8799-46c3-9dfa-ac0fb98000ae','a5cb0263-f5a1-4e0d-aa56-673eca881d7f','da4f8781-95aa-4c6f-bbba-fe5a92af1b0c'),('0d795586-cdf3-4d2a-857e-9ac0ca23b083','18a2880f-bdf6-4483-ae7f-5729837ff283','ec950888-65d4-4aeb-8503-39733dbe04d7'),('9368bddc-b08e-4a05-bd3f-b956c644f5db','fd026aa3-333d-4320-b49c-9ccd75edaacb','55e0a4b0-6d72-40e5-81f7-baaa728ea8c6'),('62b0a0c1-a87a-4b59-8701-35f8181cb463','18a2880f-bdf6-4483-ae7f-5729837ff283','e9ab9c83-1fed-4f95-8e86-f732e66fd0a8'),('a2f72872-eb1e-43a6-ac11-c914f0bbdca6','a256a35b-edad-41f5-ae6e-ebe328ac165b','495943c5-9fc3-4ab5-a369-f15da0ff9324'),('770d7d2e-9aa0-49da-a37a-396c7e38e861','77785605-c52f-4f4e-ad73-25dc505acf23','1cb40ce3-308c-4887-82e5-bfc9948adb97'),('5e9d2349-70cd-404a-b548-6f89642df8c6','fd026aa3-333d-4320-b49c-9ccd75edaacb','0aad1544-1434-4d35-8c1d-cd2912c0d2b7'),('1ea1489e-d3a4-4059-86fb-f1a4d16f8d20','a256a35b-edad-41f5-ae6e-ebe328ac165b','edee744c-360b-4226-b9e8-4a8ae9f765c0');
